{
    "real": {
        "f0": {
            "mean": 8.0366,
            "std": 0.5031430591310836
        },
        "f1": {
            "mean": 0.8279551020408165,
            "std": 0.07346355299250681
        },
        "f2": {
            "mean": 0.7966163265306122,
            "std": 0.03391005328312518
        },
        "f3": {
            "mean": 0.7994285714285714,
            "std": 0.039216308447934806
        },
        "f4": {
            "mean": 0.04374897959183673,
            "std": 0.02244342747610891
        },
        "f5": {
            "mean": 0.03689795918367347,
            "std": 0.021345100373365455
        },
        "f6": {
            "mean": 0.029804081632653058,
            "std": 0.02068765994451168
        },
        "f7": {
            "mean": 0.1061918367346939,
            "std": 0.06745662379796655
        },
        "f8": {
            "mean": 0.3481632653061225,
            "std": 0.0626531404724716
        },
        "f9": {
            "mean": 283.9108244897959,
            "std": 247.50431974821024
        },
        "f10": {
            "mean": 5.320483673469388,
            "std": 0.8653873805518075
        },
        "f11": {
            "mean": -0.027012244897959187,
            "std": 0.10710039042904076
        }
    },
    "ai": {
        "f0": {
            "mean": 7.972074603174602,
            "std": 0.44588708047790965
        },
        "f1": {
            "mean": 0.8841333333333332,
            "std": 0.09334642855575771
        },
        "f2": {
            "mean": 0.7733333333333334,
            "std": 0.03427844485527549
        },
        "f3": {
            "mean": 0.7828841269841271,
            "std": 0.036046760371475146
        },
        "f4": {
            "mean": 0.03960317460317461,
            "std": 0.017839748765013763
        },
        "f5": {
            "mean": 0.03242380952380952,
            "std": 0.01445824189871541
        },
        "f6": {
            "mean": 0.021896825396825394,
            "std": 0.011932930166627696
        },
        "f7": {
            "mean": 0.11774603174603174,
            "std": 0.07672216632997203
        },
        "f8": {
            "mean": 0.29682857142857144,
            "std": 0.05809986298529715
        },
        "f9": {
            "mean": 236.43486190476187,
            "std": 198.31848099321812
        },
        "f10": {
            "mean": 4.657714285714286,
            "std": 0.8544720300789839
        },
        "f11": {
            "mean": 0.04154761904761904,
            "std": 0.12126509709489297
        }
    }
}